IdMaterNorm,IdCompl_id,IdMaterialGr_id,KolMater,IdPravilo,IdNapr
23,1,75,1,4,1
24,1,78,1,4,2
25,1,77,1,4,3
26,1,76,1,4,4
27,1,66,2,NULL,NULL
28,1,69,2,3,2
29,1,68,2,3,3
30,1,67,2,3,4
31,1,8,1,NULL,NULL
32,1,39,2,NULL,NULL
33,1,1,2,NULL,NULL
34,1,10,2,NULL,NULL
35,1,23,1,NULL,NULL
37,1,35,2,NULL,NULL
38,1,34,2,NULL,NULL
39,1,33,2,NULL,NULL
40,1,31,1,NULL,NULL
41,1,3,1,NULL,NULL
42,1,48,10,NULL,NULL
43,1,47,2,NULL,NULL
44,1,51,2,NULL,NULL
45,1,50,2,NULL,NULL
46,1,42,2,NULL,NULL
47,1,45,10,NULL,NULL
48,1,49,2,NULL,NULL
49,1,44,1,NULL,NULL
50,1,92,2,NULL,NULL
841,1,94,1,NULL,NULL
843,1,96,1,NULL,NULL
972,1,32,2,NULL,NULL
51,2,78,2,4,2
52,2,77,2,4,3
53,2,76,2,4,4
54,2,69,2,3,2
55,2,68,2,3,3
56,2,67,2,3,4
57,2,8,1,NULL,NULL
58,2,39,2,NULL,NULL
59,2,1,2,NULL,NULL
60,2,10,2,NULL,NULL
61,2,4,2,NULL,NULL
62,2,23,1,NULL,NULL
63,2,35,2,NULL,NULL
64,2,34,2,NULL,NULL
68,2,33,2,NULL,NULL
69,2,55,2,NULL,NULL
70,2,48,20,NULL,NULL
71,2,47,4,NULL,NULL
72,2,51,10,NULL,NULL
73,2,50,6,NULL,NULL
74,2,42,4,NULL,NULL
75,2,45,8,NULL,NULL
76,2,49,4,NULL,NULL
77,2,44,2,NULL,NULL
936,2,66,2,NULL,NULL
66,3,78,1,4,2
67,3,77,1,4,3
78,3,76,1,4,4
79,3,69,1,3,2
80,3,68,1,3,3
81,3,67,1,3,4
82,3,8,1,NULL,NULL
83,3,55,2,NULL,NULL
87,3,4,2,NULL,NULL
88,3,39,1,NULL,NULL
89,3,1,1,NULL,NULL
90,3,10,2,NULL,NULL
91,3,48,20,NULL,NULL
92,3,47,4,NULL,NULL
93,3,51,10,NULL,NULL
94,3,50,6,NULL,NULL
95,3,42,4,NULL,NULL
96,3,45,8,NULL,NULL
97,3,49,4,NULL,NULL
98,3,44,2,NULL,NULL
99,3,23,1,NULL,NULL
940,3,66,1,NULL,NULL
84,4,66,2,NULL,NULL
100,4,75,1,4,1
101,4,78,1,4,2
102,4,77,1,4,3
103,4,76,1,4,4
104,4,69,1,3,2
105,4,68,1,3,3
106,4,67,1,3,4
109,4,39,2,NULL,NULL
110,4,1,2,NULL,NULL
111,4,10,2,NULL,NULL
112,4,5,2,NULL,NULL
113,4,53,2,8,6
114,4,62,2,8,6
115,4,64,2,8,6
117,4,92,4,NULL,NULL
846,4,94,2,NULL,NULL
848,4,96,2,NULL,NULL
933,4,35,2,NULL,NULL
934,4,34,2,NULL,NULL
935,4,33,2,NULL,NULL
1077,4,32,2,NULL,NULL
1105,4,104,1,NULL,NULL
1123,4,107,2,NULL,NULL
1124,4,108,1,NULL,NULL
118,5,78,1,4,2
119,5,66,2,NULL,NULL
120,5,69,2,3,2
121,5,71,1,NULL,NULL
122,5,73,1,NULL,NULL
123,5,27,2,NULL,NULL
124,5,30,2,NULL,NULL
125,5,32,2,NULL,NULL
126,5,35,2,NULL,NULL
127,5,13,2,NULL,NULL
128,5,14,2,NULL,NULL
129,5,54,1,NULL,NULL
130,5,39,2,NULL,NULL
131,5,1,2,NULL,NULL
132,5,60,1,2,NULL
133,5,53,2,8,6
134,5,62,4,8,6
136,5,64,2,8,6
137,5,48,3,NULL,NULL
138,5,47,3,NULL,NULL
139,5,51,3,NULL,NULL
140,5,50,2,NULL,NULL
141,5,42,2,NULL,NULL
142,5,45,3,NULL,NULL
143,5,49,2,NULL,NULL
144,5,44,1,NULL,NULL
145,5,43,2,NULL,NULL
146,5,23,1,NULL,NULL
148,5,61,5,NULL,NULL
149,5,92,4,NULL,NULL
851,5,94,2,NULL,NULL
853,5,96,2,NULL,NULL
1064,5,72,2,8,6
1086,5,36,2,NULL,NULL
1137,5,110,1,NULL,NULL
1138,5,83,1,NULL,NULL
150,6,78,1,4,2
151,6,66,2,NULL,NULL
152,6,69,2,3,2
153,6,71,1,NULL,NULL
154,6,73,1,NULL,NULL
155,6,27,2,NULL,NULL
156,6,30,2,NULL,NULL
157,6,32,2,NULL,NULL
158,6,35,2,NULL,NULL
159,6,39,2,NULL,NULL
160,6,1,2,NULL,NULL
161,6,10,2,NULL,NULL
162,6,48,3,NULL,NULL
163,6,47,3,NULL,NULL
164,6,51,3,NULL,NULL
165,6,50,2,NULL,NULL
166,6,42,2,NULL,NULL
167,6,45,3,NULL,NULL
168,6,49,2,NULL,NULL
169,6,44,1,NULL,NULL
170,6,43,2,NULL,NULL
171,6,23,1,NULL,NULL
173,6,92,4,NULL,NULL
861,6,94,2,NULL,NULL
863,6,96,2,NULL,NULL
174,7,78,1,4,2
175,7,66,2,NULL,NULL
176,7,69,2,3,2
179,7,71,1,NULL,NULL
180,7,73,1,NULL,NULL
181,7,39,2,NULL,NULL
182,7,1,2,NULL,NULL
183,7,10,2,NULL,NULL
184,7,4,2,NULL,NULL
185,7,9,1,NULL,NULL
186,7,53,2,8,6
187,7,62,4,8,6
189,7,27,2,NULL,NULL
190,7,30,2,NULL,NULL
193,7,32,2,NULL,NULL
194,7,35,2,NULL,NULL
197,7,13,2,NULL,NULL
198,7,14,2,NULL,NULL
199,7,54,2,NULL,NULL
200,7,60,1,2,NULL
201,7,48,2,NULL,NULL
202,7,47,2,NULL,NULL
203,7,51,2,NULL,NULL
204,7,50,1,NULL,NULL
205,7,42,1,NULL,NULL
206,7,45,2,NULL,NULL
207,7,49,1,NULL,NULL
208,7,46,4,NULL,NULL
209,7,43,1,NULL,NULL
210,7,23,1,NULL,NULL
211,7,92,4,NULL,NULL
856,7,94,2,NULL,NULL
858,7,96,2,NULL,NULL
1081,7,104,1,NULL,NULL
1083,7,36,2,NULL,NULL
1101,7,83,1,NULL,NULL
1122,7,110,1,NULL,NULL
212,8,78,1,4,2
213,8,66,2,NULL,NULL
214,8,69,2,3,2
215,8,71,1,NULL,NULL
216,8,73,1,NULL,NULL
217,8,39,2,NULL,NULL
218,8,1,2,NULL,NULL
219,8,10,2,NULL,NULL
220,8,9,1,NULL,NULL
222,8,27,2,NULL,NULL
223,8,30,2,NULL,NULL
224,8,32,2,NULL,NULL
225,8,35,2,NULL,NULL
226,8,37,1,NULL,NULL
227,8,23,1,NULL,NULL
228,8,79,1,NULL,NULL
229,8,48,2,NULL,NULL
230,8,47,2,NULL,NULL
231,8,51,2,NULL,NULL
232,8,50,1,NULL,NULL
233,8,42,1,NULL,NULL
234,8,45,2,NULL,NULL
235,8,49,1,NULL,NULL
236,8,46,4,NULL,NULL
237,8,43,1,NULL,NULL
238,8,60,1,2,NULL
239,8,53,2,8,6
240,8,62,4,8,6
241,8,54,2,NULL,NULL
242,8,13,2,NULL,NULL
243,8,14,2,NULL,NULL
244,8,57,1,2,NULL
1082,8,104,1,NULL,NULL
1087,8,92,4,NULL,NULL
1088,8,94,2,NULL,NULL
1089,8,96,2,NULL,NULL
1104,8,36,2,NULL,NULL
1136,8,111,2,NULL,NULL
245,9,78,1,4,2
246,9,66,2,NULL,NULL
247,9,69,2,3,2
248,9,71,1,NULL,NULL
249,9,73,1,NULL,NULL
250,9,27,2,NULL,NULL
251,9,30,2,NULL,NULL
252,9,32,2,NULL,NULL
253,9,35,2,NULL,NULL
254,9,54,2,NULL,NULL
255,9,13,2,NULL,NULL
256,9,14,2,NULL,NULL
257,9,39,2,NULL,NULL
258,9,1,2,NULL,NULL
259,9,10,2,NULL,NULL
260,9,60,1,2,NULL
261,9,53,2,8,6
262,9,62,4,8,6
263,9,64,2,8,6
264,9,7,2,8,6
265,9,48,3,NULL,NULL
266,9,47,3,NULL,NULL
267,9,51,3,NULL,NULL
268,9,50,2,NULL,NULL
269,9,42,2,NULL,NULL
270,9,45,3,NULL,NULL
271,9,47,2,NULL,NULL
272,9,44,1,NULL,NULL
273,9,43,2,NULL,NULL
274,9,23,1,NULL,NULL
279,9,61,10,NULL,NULL
276,10,77,1,4,3
277,10,76,1,4,4
278,10,68,1,3,3
280,10,67,1,3,4
281,10,73,1,NULL,NULL
282,10,39,2,NULL,NULL
283,10,1,2,NULL,NULL
284,10,53,2,8,6
285,10,62,2,8,6
286,10,63,2,8,6
287,10,110,1,NULL,NULL
288,10,29,2,NULL,NULL
289,10,28,2,NULL,NULL
290,10,23,1,NULL,NULL
291,10,61,2,NULL,NULL
292,10,92,4,NULL,NULL
866,10,94,2,NULL,NULL
868,10,96,2,NULL,NULL
293,11,75,1,4,1
294,11,78,1,4,2
295,11,77,1,4,3
296,11,76,1,4,4
297,11,66,2,NULL,NULL
302,11,69,2,3,2
303,11,68,2,3,3
304,11,67,2,3,4
305,11,71,1,NULL,NULL
306,11,73,1,NULL,NULL
307,11,8,1,NULL,NULL
308,11,9,1,NULL,NULL
309,11,27,2,NULL,NULL
310,11,30,2,NULL,NULL
311,11,29,2,NULL,NULL
312,11,28,2,NULL,NULL
313,11,32,2,NULL,NULL
314,11,35,2,NULL,NULL
315,11,34,2,NULL,NULL
319,11,33,2,NULL,NULL
320,11,36,2,NULL,NULL
321,11,13,2,NULL,NULL
322,11,14,2,NULL,NULL
323,11,54,2,NULL,NULL
324,11,39,2,NULL,NULL
325,11,1,2,NULL,NULL
326,11,10,2,NULL,NULL
327,11,60,1,2,NULL
328,11,53,2,8,6
329,11,48,10,NULL,NULL
330,11,47,3,NULL,NULL
331,11,51,3,NULL,NULL
332,11,50,2,NULL,NULL
336,11,42,2,NULL,NULL
337,11,45,10,NULL,NULL
338,11,49,2,NULL,NULL
339,11,44,1,NULL,NULL
340,11,43,2,NULL,NULL
341,11,23,1,NULL,NULL
342,11,61,10,NULL,NULL
343,11,92,2,NULL,NULL
871,11,94,1,NULL,NULL
873,11,96,1,NULL,NULL
1096,11,83,1,NULL,NULL
1116,11,110,1,NULL,NULL
1134,11,111,2,NULL,NULL
298,12,69,2,3,2
299,12,71,1,NULL,NULL
300,12,73,1,NULL,NULL
301,12,8,1,NULL,NULL
316,12,75,1,4,1
317,12,78,1,4,2
318,12,66,2,NULL,NULL
333,12,9,1,NULL,NULL
334,12,27,2,NULL,NULL
335,12,30,2,NULL,NULL
344,12,36,2,NULL,NULL
345,12,13,2,NULL,NULL
346,12,14,2,NULL,NULL
347,12,54,2,NULL,NULL
348,12,39,2,NULL,NULL
349,12,1,2,NULL,NULL
350,12,10,2,NULL,NULL
351,12,60,1,2,NULL
352,12,53,2,8,6
353,12,62,4,8,6
355,12,64,2,8,6
356,12,48,3,NULL,NULL
357,12,47,3,NULL,NULL
358,12,51,3,NULL,NULL
359,12,50,2,NULL,NULL
360,12,42,2,NULL,NULL
361,12,45,3,NULL,NULL
362,12,49,2,NULL,NULL
363,12,44,1,NULL,NULL
364,12,43,2,NULL,NULL
365,12,23,1,NULL,NULL
366,12,61,10,NULL,NULL
367,12,92,2,NULL,NULL
876,12,94,1,NULL,NULL
878,12,96,1,NULL,NULL
1065,12,72,2,8,6
1095,12,83,1,NULL,NULL
1107,12,104,1,NULL,NULL
1108,12,32,2,NULL,NULL
1109,12,35,2,NULL,NULL
1117,12,110,1,NULL,NULL
368,13,92,1,2,NULL
376,13,23,1,NULL,NULL
377,13,48,4,NULL,NULL
378,13,51,8,NULL,NULL
379,13,50,8,NULL,NULL
880,13,96,1,2,NULL
881,13,94,1,2,NULL
371,14,92,2,2,NULL
372,14,1,1,NULL,NULL
373,14,39,2,NULL,NULL
374,14,10,2,NULL,NULL
882,14,94,1,2,NULL
883,14,96,1,2,NULL
382,15,78,1,4,2
383,15,66,2,NULL,NULL
384,15,69,2,3,2
385,15,71,1,NULL,NULL
386,15,73,1,NULL,NULL
387,15,27,2,NULL,NULL
388,15,30,2,NULL,NULL
389,15,32,2,NULL,NULL
390,15,35,2,NULL,NULL
391,15,36,2,NULL,NULL
392,15,13,2,NULL,NULL
393,15,14,2,NULL,NULL
394,15,54,2,NULL,NULL
395,15,39,2,NULL,NULL
396,15,1,2,NULL,NULL
397,15,10,1,NULL,NULL
398,15,60,1,2,NULL
399,15,53,2,8,6
400,15,62,4,8,6
402,15,64,2,8,6
403,15,48,3,NULL,NULL
404,15,47,3,NULL,NULL
405,15,51,3,NULL,NULL
406,15,50,2,NULL,NULL
407,15,42,2,NULL,NULL
408,15,45,3,NULL,NULL
409,15,49,2,NULL,NULL
410,15,44,1,NULL,NULL
411,15,43,2,NULL,NULL
412,15,23,1,NULL,NULL
414,15,61,5,NULL,NULL
415,15,92,4,NULL,NULL
884,15,94,2,NULL,NULL
885,15,96,2,NULL,NULL
1066,15,72,2,8,6
1093,15,83,1,NULL,NULL
1106,15,104,1,NULL,NULL
1118,15,110,1,NULL,NULL
1135,15,111,2,NULL,NULL
416,16,78,1,4,2
417,16,66,2,NULL,NULL
418,16,69,2,3,2
419,16,71,1,NULL,NULL
420,16,73,1,NULL,NULL
421,16,27,2,NULL,NULL
422,16,30,2,NULL,NULL
423,16,32,2,NULL,NULL
424,16,35,2,NULL,NULL
425,16,13,2,NULL,NULL
426,16,14,2,NULL,NULL
427,16,54,2,NULL,NULL
428,16,39,2,NULL,NULL
429,16,1,2,NULL,NULL
430,16,10,2,NULL,NULL
431,16,60,1,2,NULL
432,16,53,2,8,6
433,16,62,4,8,6
435,16,64,2,8,6
436,16,48,3,NULL,NULL
437,16,47,3,NULL,NULL
438,16,51,3,NULL,NULL
439,16,50,2,NULL,NULL
440,16,42,2,NULL,NULL
441,16,45,3,NULL,NULL
442,16,49,2,NULL,NULL
443,16,44,1,NULL,NULL
444,16,43,2,NULL,NULL
445,16,23,1,NULL,NULL
446,16,61,5,NULL,NULL
1067,16,72,2,8,6
1084,16,36,2,NULL,NULL
1099,16,83,1,NULL,NULL
1120,16,110,1,NULL,NULL
1133,16,104,1,NULL,NULL
447,17,78,1,4,2
448,17,66,2,NULL,NULL
449,17,69,2,3,2
451,17,73,1,NULL,NULL
452,17,27,2,NULL,NULL
453,17,30,2,NULL,NULL
454,17,32,2,NULL,NULL
455,17,35,2,NULL,NULL
459,17,39,2,NULL,NULL
460,17,1,2,NULL,NULL
461,17,10,2,NULL,NULL
462,17,60,1,2,NULL
463,17,53,2,8,6
464,17,62,4,8,6
466,17,64,2,8,6
468,17,48,3,NULL,NULL
469,17,47,3,NULL,NULL
470,17,51,3,NULL,NULL
471,17,50,2,NULL,NULL
472,17,42,2,NULL,NULL
473,17,45,3,NULL,NULL
474,17,49,2,NULL,NULL
475,17,44,1,NULL,NULL
476,17,43,2,NULL,NULL
477,17,23,1,NULL,NULL
1068,17,72,2,8,6
1110,17,92,2,NULL,NULL
1111,17,94,1,NULL,NULL
1112,17,96,1,NULL,NULL
480,18,70,1,2,NULL
486,18,9,1,NULL,NULL
487,18,12,4,2,NULL
488,18,39,2,NULL,NULL
489,18,25,1,2,NULL
490,18,10,2,NULL,NULL
491,18,24,1,2,NULL
492,18,15,1,NULL,NULL
493,18,23,1,NULL,NULL
494,18,60,1,2,NULL
495,18,48,3,NULL,NULL
496,18,47,3,NULL,NULL
497,18,45,3,NULL,NULL
498,18,50,2,NULL,NULL
499,18,51,3,NULL,NULL
500,18,92,2,2,NULL
886,18,94,1,2,NULL
887,18,96,1,2,NULL
952,18,1,1,NULL,NULL
1114,18,105,1,2,NULL
1130,18,109,1,2,NULL
501,19,70,1,2,NULL
502,19,39,1,2,NULL
503,19,25,1,2,NULL
504,19,24,1,2,NULL
506,19,10,2,NULL,NULL
507,19,51,2,NULL,NULL
512,19,50,2,NULL,NULL
513,19,92,2,2,NULL
514,19,12,4,NULL,NULL
515,19,60,1,2,NULL
888,19,94,1,2,NULL
889,19,96,1,2,NULL
508,20,39,2,NULL,NULL
509,20,25,2,NULL,NULL
510,20,10,2,NULL,NULL
511,20,92,2,2,NULL
516,20,70,1,NULL,NULL
517,20,51,3,NULL,NULL
518,20,50,2,NULL,NULL
519,20,48,1,NULL,NULL
890,20,94,1,2,NULL
891,20,96,1,2,NULL
520,21,39,2,NULL,NULL
521,21,1,1,NULL,NULL
522,21,23,1,NULL,NULL
523,21,73,1,NULL,NULL
524,21,66,1,NULL,NULL
525,21,69,1,3,2
526,21,68,1,3,3
527,21,67,1,3,4
528,21,75,1,4,1
529,21,78,1,4,2
530,21,77,1,4,3
531,21,10,1,NULL,NULL
534,21,20,1,NULL,NULL
535,21,19,1,NULL,NULL
536,21,53,1,8,6
537,21,62,2,8,6
538,21,46,5,NULL,NULL
539,22,39,1,NULL,NULL
540,22,10,2,NULL,NULL
542,22,74,1,NULL,NULL
543,22,56,1,NULL,NULL
544,23,39,1,NULL,NULL
545,23,10,2,NULL,NULL
546,23,25,1,NULL,NULL
547,23,74,1,NULL,NULL
548,24,25,1,NULL,NULL
549,24,74,1,NULL,NULL
550,25,39,1,NULL,NULL
551,25,10,3,NULL,NULL
554,26,39,1,NULL,NULL
555,26,1,1,NULL,NULL
556,26,26,1,NULL,NULL
532,27,92,2,NULL,NULL
533,27,18,1,NULL,NULL
552,27,9,1,NULL,NULL
553,27,66,1,NULL,NULL
557,27,39,2,NULL,NULL
558,27,10,1,NULL,NULL
559,27,25,1,2,NULL
560,27,48,5,NULL,NULL
561,27,53,2,8,6
562,27,62,2,8,6
563,27,2,1,NULL,NULL
564,27,7,1,2,NULL
892,27,94,1,NULL,NULL
893,27,96,1,NULL,NULL
565,28,39,1,NULL,NULL
566,28,1,1,NULL,NULL
567,28,10,1,NULL,NULL
568,28,18,1,NULL,NULL
569,29,66,2,NULL,NULL
570,29,69,2,3,2
574,29,39,2,NULL,NULL
575,29,92,4,NULL,NULL
576,29,48,2,NULL,NULL
577,29,51,2,NULL,NULL
578,29,50,2,NULL,NULL
579,29,45,2,NULL,NULL
580,29,9,1,NULL,NULL
582,29,53,2,8,6
583,29,62,2,8,6
584,29,23,1,NULL,NULL
589,29,1,2,NULL,NULL
590,29,60,1,2,NULL
591,29,18,1,NULL,NULL
894,29,94,2,NULL,NULL
895,29,96,2,NULL,NULL
585,30,53,4,NULL,NULL
586,30,7,3,NULL,NULL
587,30,21,5,NULL,NULL
588,30,41,2,NULL,NULL
592,30,25,5,NULL,NULL
593,30,56,1,2,NULL
594,30,22,4,NULL,NULL
595,30,23,1,NULL,NULL
596,30,52,1,NULL,NULL
597,30,2,1,NULL,NULL
598,30,59,3,NULL,NULL
599,30,40,1,2,NULL
600,30,11,2,NULL,NULL
974,30,62,8,NULL,NULL
601,31,75,1,4,1
602,31,78,1,4,2
603,31,77,1,4,3
604,31,66,2,NULL,NULL
605,31,69,2,3,2
606,31,68,2,3,3
610,31,71,1,NULL,NULL
611,31,73,1,NULL,NULL
612,31,8,1,NULL,NULL
613,31,9,1,NULL,NULL
614,31,27,2,NULL,NULL
615,31,30,2,NULL,NULL
616,31,29,2,NULL,NULL
617,31,32,2,NULL,NULL
618,31,35,2,NULL,NULL
619,31,34,2,NULL,NULL
620,31,36,2,NULL,NULL
621,31,13,2,NULL,NULL
622,31,14,2,NULL,NULL
623,31,54,2,NULL,NULL
627,31,39,2,NULL,NULL
628,31,1,2,NULL,NULL
629,31,10,2,NULL,NULL
630,31,60,1,2,NULL
631,31,53,2,8,6
632,31,48,10,NULL,NULL
633,31,47,3,NULL,NULL
634,31,51,3,NULL,NULL
635,31,50,2,NULL,NULL
636,31,42,2,NULL,NULL
637,31,45,10,NULL,NULL
638,31,49,2,NULL,NULL
639,31,44,1,NULL,NULL
640,31,43,2,NULL,NULL
644,31,23,1,NULL,NULL
645,31,61,10,NULL,NULL
646,31,92,2,NULL,NULL
896,31,94,1,NULL,NULL
897,31,96,1,NULL,NULL
1091,31,104,1,NULL,NULL
1103,31,83,1,NULL,NULL
1119,31,110,1,NULL,NULL
607,32,10,2,NULL,NULL
608,32,23,1,NULL,NULL
624,32,8,1,NULL,NULL
625,32,39,2,NULL,NULL
626,32,1,2,NULL,NULL
647,32,78,2,4,2
648,32,76,2,4,4
649,32,69,2,3,2
650,32,67,2,3,4
651,32,4,2,NULL,NULL
652,32,35,2,NULL,NULL
653,32,33,2,NULL,NULL
654,32,55,2,NULL,NULL
655,32,48,20,NULL,NULL
656,32,47,4,NULL,NULL
657,32,51,10,NULL,NULL
658,32,50,6,NULL,NULL
661,32,42,4,NULL,NULL
662,32,45,8,NULL,NULL
663,32,49,4,NULL,NULL
664,32,44,2,NULL,NULL
941,32,66,2,NULL,NULL
666,33,78,2,4,2
667,33,77,2,4,3
668,33,69,2,3,2
669,33,68,2,3,3
670,33,8,1,NULL,NULL
671,33,39,2,NULL,NULL
672,33,1,2,NULL,NULL
673,33,10,2,NULL,NULL
674,33,4,2,NULL,NULL
675,33,23,1,NULL,NULL
676,33,35,2,NULL,NULL
677,33,34,2,NULL,NULL
681,33,55,2,NULL,NULL
682,33,48,20,NULL,NULL
683,33,47,4,NULL,NULL
684,33,51,10,NULL,NULL
685,33,50,6,NULL,NULL
686,33,42,4,NULL,NULL
687,33,45,8,NULL,NULL
688,33,49,4,NULL,NULL
689,33,44,2,NULL,NULL
944,33,66,2,NULL,NULL
571,34,67,1,3,4
572,34,8,1,NULL,NULL
609,34,69,1,3,2
641,34,55,2,NULL,NULL
642,34,39,1,NULL,NULL
643,34,1,1,NULL,NULL
659,34,10,2,NULL,NULL
660,34,45,8,NULL,NULL
679,34,78,1,4,2
680,34,76,1,4,4
690,34,4,2,NULL,NULL
691,34,48,20,NULL,NULL
692,34,47,4,NULL,NULL
693,34,51,10,NULL,NULL
694,34,50,6,NULL,NULL
695,34,42,4,NULL,NULL
696,34,49,4,NULL,NULL
697,34,44,2,NULL,NULL
698,34,23,1,NULL,NULL
947,34,66,1,NULL,NULL
699,35,78,1,4,2
700,35,77,1,4,3
701,35,69,1,3,2
702,35,68,1,3,3
703,35,8,1,NULL,NULL
704,35,55,2,NULL,NULL
705,35,4,2,NULL,NULL
706,35,39,1,NULL,NULL
707,35,1,1,NULL,NULL
708,35,10,2,NULL,NULL
709,35,48,20,NULL,NULL
710,35,47,4,NULL,NULL
711,35,51,10,NULL,NULL
712,35,50,6,NULL,NULL
713,35,42,4,NULL,NULL
714,35,45,8,NULL,NULL
715,35,44,2,NULL,NULL
716,35,23,1,NULL,NULL
717,35,49,4,NULL,NULL
948,35,66,1,NULL,NULL
718,38,77,2,4,3
719,38,76,2,4,4
720,38,68,2,3,3
721,38,67,2,3,4
722,38,73,1,NULL,NULL
723,38,39,2,NULL,NULL
724,38,1,2,NULL,NULL
725,38,53,2,8,6
726,38,62,2,8,6
727,38,63,2,8,6
728,38,110,1,NULL,NULL
729,38,29,2,NULL,NULL
730,38,28,2,NULL,NULL
731,38,23,1,NULL,NULL
732,38,61,2,NULL,NULL
733,38,92,4,NULL,NULL
734,38,60,1,2,NULL
735,38,51,2,NULL,NULL
736,38,49,2,NULL,NULL
737,38,42,2,NULL,NULL
738,38,82,2,NULL,NULL
739,38,84,2,NULL,NULL
740,38,83,1,NULL,NULL
742,38,86,1,2,NULL
743,38,87,1,2,NULL
838,38,90,1,NULL,NULL
898,38,94,2,NULL,NULL
899,38,96,2,NULL,NULL
744,39,78,2,4,2
745,39,66,2,3,1
746,39,69,2,3,2
749,39,71,1,NULL,NULL
750,39,73,1,NULL,NULL
751,39,39,2,NULL,NULL
752,39,1,2,NULL,NULL
753,39,10,2,NULL,NULL
754,39,4,2,NULL,NULL
755,39,9,1,NULL,NULL
756,39,53,2,8,6
757,39,62,4,8,6
759,39,27,2,NULL,NULL
760,39,30,2,NULL,NULL
763,39,32,2,NULL,NULL
764,39,35,2,NULL,NULL
767,39,13,2,4,1
768,39,14,2,4,2
769,39,54,2,NULL,NULL
770,39,60,1,2,NULL
771,39,47,2,NULL,NULL
772,39,48,2,NULL,NULL
773,39,51,2,NULL,NULL
774,39,50,1,NULL,NULL
775,39,42,1,NULL,NULL
776,39,45,2,NULL,NULL
777,39,49,1,NULL,NULL
778,39,46,4,NULL,NULL
779,39,43,1,NULL,NULL
780,39,23,1,NULL,NULL
781,39,92,4,NULL,NULL
782,39,75,2,NULL,NULL
783,39,88,2,NULL,NULL
784,39,36,2,NULL,NULL
785,39,82,4,NULL,NULL
786,39,5,4,NULL,NULL
900,39,94,2,NULL,NULL
901,39,96,2,NULL,NULL
787,40,78,2,4,2
788,40,66,2,3,1
789,40,69,2,3,2
790,40,71,1,NULL,NULL
791,40,73,2,NULL,NULL
792,40,27,2,NULL,NULL
793,40,30,2,NULL,NULL
794,40,32,2,NULL,NULL
795,40,35,2,NULL,NULL
796,40,13,2,NULL,NULL
797,40,14,2,NULL,NULL
798,40,54,2,NULL,NULL
799,40,39,2,NULL,NULL
800,40,1,2,NULL,NULL
801,40,60,1,2,NULL
802,40,53,2,8,6
803,40,62,4,8,6
805,40,64,2,8,6
806,40,47,4,NULL,NULL
807,40,48,4,NULL,NULL
808,40,51,4,NULL,NULL
809,40,50,2,NULL,NULL
810,40,42,2,NULL,NULL
811,40,45,4,NULL,NULL
812,40,49,2,NULL,NULL
813,40,44,1,NULL,NULL
814,40,43,2,NULL,NULL
815,40,23,2,NULL,NULL
817,40,61,5,NULL,NULL
818,40,92,4,NULL,NULL
819,40,75,2,4,1
820,40,36,2,NULL,NULL
821,40,5,2,NULL,NULL
822,40,10,2,NULL,NULL
823,40,82,2,NULL,NULL
824,40,85,1,NULL,NULL
826,40,83,1,NULL,NULL
827,40,86,1,2,NULL
828,40,87,1,2,NULL
829,40,89,2,NULL,NULL
839,40,91,1,NULL,NULL
902,40,94,2,NULL,NULL
903,40,96,2,NULL,NULL
1069,40,72,2,8,6
1085,40,104,1,NULL,NULL
1121,40,110,1,NULL,NULL
830,41,39,2,NULL,NULL
831,41,1,2,NULL,NULL
832,41,10,2,NULL,NULL
833,41,53,1,2,NULL
834,41,62,1,2,NULL
835,42,39,2,NULL,NULL
836,42,1,2,NULL,NULL
837,42,10,2,NULL,NULL
908,43,75,1,4,1
909,43,78,1,4,2
910,43,70,1,2,NULL
911,43,69,1,NULL,NULL
912,43,73,1,NULL,NULL
913,43,27,2,NULL,NULL
914,43,30,2,NULL,NULL
915,43,32,2,NULL,NULL
916,43,9,1,NULL,NULL
917,43,12,4,2,NULL
918,43,39,2,NULL,NULL
919,43,25,1,2,NULL
920,43,10,2,NULL,NULL
921,43,24,1,2,NULL
922,43,15,1,NULL,NULL
923,43,23,1,NULL,NULL
924,43,60,1,2,NULL
925,43,47,3,NULL,NULL
926,43,48,3,NULL,NULL
927,43,45,3,NULL,NULL
928,43,50,2,NULL,NULL
929,43,51,3,NULL,NULL
930,43,92,2,2,NULL
931,43,94,1,2,NULL
932,43,96,1,2,NULL
1079,43,1,1,NULL,NULL
1080,43,35,2,NULL,NULL
949,44,1,2,NULL,NULL
951,44,88,2,NULL,NULL
956,44,53,1,8,6
957,44,64,1,8,6
975,44,30,1,NULL,NULL
1072,44,23,5,NULL,NULL
1073,44,12,5,2,NULL
1074,44,78,1,4,NULL
953,45,39,1,NULL,NULL
954,45,10,2,NULL,NULL
976,46,1,NULL,NULL,NULL
977,46,60,NULL,NULL,NULL
978,46,3,NULL,NULL,NULL
979,46,62,NULL,NULL,NULL
980,46,5,NULL,NULL,NULL
981,46,96,NULL,NULL,NULL
982,46,7,NULL,NULL,NULL
983,46,8,NULL,NULL,NULL
984,46,9,NULL,NULL,NULL
985,46,10,NULL,NULL,NULL
986,46,63,NULL,NULL,NULL
987,46,12,NULL,NULL,NULL
988,46,13,NULL,NULL,NULL
989,46,14,NULL,NULL,NULL
990,46,15,NULL,NULL,NULL
991,46,110,NULL,NULL,NULL
992,46,17,NULL,NULL,NULL
993,46,18,NULL,NULL,NULL
994,46,19,NULL,NULL,NULL
995,46,20,NULL,NULL,NULL
996,46,21,NULL,NULL,NULL
997,46,64,NULL,NULL,NULL
999,46,24,NULL,NULL,NULL
1000,46,66,NULL,NULL,NULL
1001,46,26,NULL,NULL,NULL
1002,46,27,NULL,NULL,NULL
1003,46,28,NULL,NULL,NULL
1004,46,29,NULL,NULL,NULL
1005,46,30,NULL,NULL,NULL
1006,46,31,NULL,NULL,NULL
1007,46,32,NULL,NULL,NULL
1008,46,33,NULL,NULL,NULL
1009,46,34,NULL,NULL,NULL
1010,46,35,NULL,NULL,NULL
1011,46,36,NULL,NULL,NULL
1012,46,37,NULL,NULL,NULL
1013,46,67,NULL,NULL,NULL
1014,46,39,NULL,NULL,NULL
1015,46,68,NULL,NULL,NULL
1016,46,69,NULL,NULL,NULL
1017,46,42,NULL,NULL,NULL
1018,46,43,NULL,NULL,NULL
1019,46,44,NULL,NULL,NULL
1020,46,45,NULL,NULL,NULL
1021,46,46,NULL,NULL,NULL
1022,46,47,NULL,NULL,NULL
1023,46,48,NULL,NULL,NULL
1024,46,49,NULL,NULL,NULL
1025,46,50,NULL,NULL,NULL
1026,46,51,NULL,NULL,NULL
1027,46,70,NULL,NULL,NULL
1028,46,53,NULL,NULL,NULL
1029,46,54,NULL,NULL,NULL
1030,46,71,NULL,NULL,NULL
1032,46,73,NULL,NULL,NULL
1033,46,75,NULL,NULL,NULL
1034,46,76,NULL,NULL,NULL
1035,46,77,NULL,NULL,NULL
1036,46,78,NULL,NULL,NULL
1037,46,79,NULL,NULL,NULL
1038,46,82,NULL,NULL,NULL
1039,46,83,NULL,NULL,NULL
1040,46,84,NULL,NULL,NULL
1041,46,85,NULL,NULL,NULL
1042,46,88,NULL,NULL,NULL
1043,46,89,NULL,NULL,NULL
1044,46,90,NULL,NULL,NULL
1045,46,91,NULL,NULL,NULL
1046,46,92,NULL,NULL,NULL
1047,46,94,NULL,NULL,NULL
1070,46,72,NULL,NULL,NULL
1078,46,104,NULL,NULL,NULL
1113,46,105,NULL,NULL,NULL
1129,46,55,NULL,NULL,NULL
960,47,39,2,NULL,NULL
961,47,1,1,NULL,NULL
962,47,23,1,NULL,NULL
963,47,73,1,NULL,NULL
964,47,66,1,3,1
965,47,69,1,3,2
966,47,75,1,4,1
967,47,78,1,4,2
968,47,10,1,NULL,NULL
969,47,20,1,NULL,NULL
970,47,19,1,NULL,NULL
971,47,46,5,NULL,NULL
1127,47,45,2,NULL,NULL
1128,47,50,2,NULL,NULL
1131,47,32,2,NULL,NULL
1132,47,35,2,NULL,NULL
1048,48,53,2,8,6
1049,48,62,2,8,6
1050,48,64,2,8,6
1051,48,21,3,NULL,NULL
1052,48,41,2,NULL,NULL
1053,48,25,3,NULL,NULL
1054,48,58,1,2,NULL
1055,48,22,2,NULL,NULL
1056,48,38,3,NULL,NULL
1057,48,52,1,NULL,NULL
1058,48,2,1,NULL,NULL
1059,48,23,1,NULL,NULL
1060,48,40,1,2,NULL
1061,48,100,3,NULL,NULL
1062,48,101,3,NULL,NULL
1063,48,102,1,2,NULL
